value,top5,match
NEW BRITAIN PALM OIL,['NEW BRITAIN PALM OIL LTD (OLD)'],NEW BRITAIN PALM OIL LTD (OLD)
AGRO WIRATAMA,['AGRO WIRA LIGATSA'],
SAPI PLANTATION SDN BHD,['SACHIEW PLANTATIONS SDN BHD'],
BERKAT SAWIT SEJATI,['BERKAT SAWIT SEJAHTERA' 'BERKAT SAWIT SUKAMAJU'],
SWADAYA ANDIKA,['SWADAYA INDOPALMA'],
BOUSTEAD PLANTATIONS BHD,['BOUSTEAD PELITA TINJAR SDN BHD'],
AUSTINDO NUSANTARA JAYA AGRI ,['AUSTINDO NUSANTARA JAYA AGRI SIAIS'],AUSTINDO NUSANTARA JAYA AGRI SIAIS
LADANG SABAH SDN BHD,['LADANG SERASA SDN BHD'],LADANG SERASA SDN BHD
PERKEBUNAN NUSANTARA III,"['PERKEBUNAN NUSANTARA XIII' 'PERKEBUNAN NUSANTARA VIII'
 'PERKEBUNAN NUSANTARA II' 'PERKEBUNAN NUSANTARA VII'
 'PERKEBUNAN NUSANTARA I']",
DHARMA SATYA NUSANTARA,['DHARMA SATYA NUSANTARA (DSN)'],DHARMA SATYA NUSANTARA (DSN)
HARAPAN SAWIT LESTARI,['HARAPAN SAWIT SEJAHTERA' 'CAHAYA SAWIT LESTARI'],
BUMI SAWIT PERMAI,['BUMI SAWINDO PERMAI'],BUMI SAWINDO PERMAI
SAWIT MAS SEJAHTERA,['SAWIT SUKSES SEJAHTERA' 'SAWIT RUPAT SEJAHTERA' 'SAWIT MAS NUSANTARA'],
DJUANDA SAWIT LESTARI,['MUARA SAWIT LESTARI'],
WINDU NABATINDO LESTARI,['WINDU NABATINDO ABADI'],
KARYA MAKMUR BAHAGIA,['KARYA MAKMUR ABADI' 'KARYA MAKMUR SEJAHTERA'],
BUMI PERMAI LESTARI,['BUMI HUTANI LESTARI'],
AUSTINDO NUSANTARA JAYA AGRI ,,
AUSTINDO NUSANTARA JAYA AGRI SIAIS,['AUSTINDO NUSANTARA JAYA AGRI '],
TIAN SIANG OILL MILL SDN BHD,"['TIAN SIANG OILL MILL (PERAK) SDN BHD'
 'TIAN SIANG OILL MILL (PAHANG) SDN BHD'
 'TIAN SIANG OILL MILL (AIR KUNING) SDN BHD']",
PERKEBUNAN NUSANTARA IV,"['PERKEBUNAN NUSANTARA XIV' 'PERKEBUNAN NUSANTARA I'
 'PERKEBUNAN NUSANTARA VI' 'PERKEBUNAN NUSANTARA V'
 'PERKEBUNAN NUSANTARA VII']",
THAITALLOW AND OIL CO.LTD,"['THAI TALLOW AND OIL CO, LTD']",
GENTING PLANTATIONS BHD,['GENTING PLANTATIONS BERHAD'],GENTING PLANTATIONS BERHAD
TIAN SIANG OILL MILL (AIR KUNING) SDN BHD,"['TIAN SIANG OILL MILL (PERAK) SDN BHD'
 'TIAN SIANG OILL MILL (PAHANG) SDN BHD' 'TIAN SIANG OILL MILL SDN BHD']",
BOUSTEAD GRADIENT SDN BHD,['BOUSTEAD PELITA TINJAR SDN BHD'],
"TRANG PALM OIL  CO.,LTD","['TRAD PALM OIL CO,.LTD']",
PALMERAS DE LA COSTA S.A.,['PALMERAS DEL LLANO S.A.'],
MITRA MENDAWAI SEJATI,['MITRA SAWIT JAMBI'],
KALIMANTAN SAWIT ABADI,['KALIMANTAN SAWIT KUSUMA'],
BALUNG PALM OIL MILL SDN BHD,['CENTRAL PALM OIL MILL SDN BHD'],
BBC PALM OIL MILL SDN BHD,"['RSB PALM OIL MILL SDN BHD' 'BAU PALM OIL MILL SDN BHD'
 'ST PALM OIL MILL SDN BHD' 'DD PALM OIL MILL SDN BHD']",
BEAUFORT PALM OIL MILL SDN BHD,['BAU PALM OIL MILL SDN BHD'],
BOUSTEAD EMASTULIN SDN BHD,['BOUSTEAD PELITA TINJAR SDN BHD'],
BOUSTEAD RIMBA NILAI SDN BHD,['BOUSTEAD PELITA TINJAR SDN BHD'],
KILANG KELAPA SAWIT SELUMPUR SDN BHD,"['KILANG KELAPA SAWIT LEKIR SDN BHD'
 'KILANG KELAPA SAWIT JERANTUT SDN BHD'
 'KILANG KELAPA SAWIT FORTUNA SDN BHD']",
CENTRAL PALM OIL MILL SDN BHD,['SERIAN PALM OIL MILL SDN BHD' 'BALUNG PALM OIL MILL SDN BHD'],
ENG THYE PLANTATIONS BHD,['SEONG THYE PLANTATIONS SDN BHD'],
KILANG SAWIRA MAKMUR SDN BHD,['KILANG SAWIT C.P. SDN BHD'],
HAVYS OIL MILL SDN BHD,['TBS OIL MILL SDN BHD' 'PSS OIL MILL SDN BHD'],
KAHANG PALM OIL MILL SDN BHD,['YUWANG PALM OIL MILL SDN BHD' 'SUKAU PALM OIL MILL SDN BHD'],
KILANG KELAPA SAWIT FORTUNA SDN BHD,"['KILANG KELAPA SAWIT JERANTUT SDN BHD'
 'KILANG KELAPA SAWIT LEKIR SDN BHD'
 'KILANG KELAPA SAWIT SELUMPUR SDN BHD'
 'KILANG KELAPA SAWIT PINANGAH SDN BHD' 'KILANG MINYAK SAWIT MERU SDN BHD']",
KILANG KELAPA SAWIT LEKIR SDN BHD,"['KILANG KELAPA SAWIT SELUMPUR SDN BHD'
 'KILANG KELAPA SAWIT JERANTUT SDN BHD'
 'KILANG KELAPA SAWIT FORTUNA SDN BHD'
 'KILANG KELAPA SAWIT PINANGAH SDN BHD' 'KILANG MINYAK SAWIT MERU SDN BHD']",
KILANG MINYAK SAWIT KAMUNTING SDN BHD,"['KILANG MINYAK SAWIT MERU SDN BHD'
 'KILANG MINYAK KELAPA SAWIT LUM SDN BHD'
 'KILANG MINYAK SAWIT TG TUALANG (1997) SDN BHD'
 'KILANG MINYAK KELAPA SAWIT SEMANTAN SDN BHD']",
KILANG MINYAK SAWIT TG TUALANG (1997) SDN BHD,['KILANG MINYAK SAWIT KAMUNTING SDN BHD'],
KILANG SAWIT BELL SDN BHD,"['KILANG SAWIT LEMBING SDN BHD' 'KILANG SAWIT UNITED BELL SDN BHD'
 'KILANG SAWIT C.P. SDN BHD']",
KILANG SAWIT LEMBING SDN BHD,"['KILANG SAWIT BELL SDN BHD' 'KILANG SAWIT PANJI ALAM SDN BHD'
 'KILANG SAWIT UNITED BELL SDN BHD']",
KILANG SAWIT PANJI ALAM SDN BHD,"['KILANG SAWIT LEMBING SDN BHD' 'KILANG KELAPA SAWIT JERANTUT SDN BHD'
 'KILANG KELAPA SAWIT FORTUNA SDN BHD']",
KILANG SAWIT UNITED BELL SDN BHD,['KILANG SAWIT BELL SDN BHD' 'KILANG SAWIT LEMBING SDN BHD'],
KILANG KELAPA SAWIT PINANGAH SDN BHD,"['KILANG KELAPA SAWIT FORTUNA SDN BHD' 'KILANG KELAPA SAWIT LEKIR SDN BHD'
 'KILANG KELAPA SAWIT JERANTUT SDN BHD']",
LADANG MILLS SDN BHD,['LADANG PERMAI SDN BHD'],
SUKAU PALM OIL MILL SDN BHD,"['BAU PALM OIL MILL SDN BHD' 'ST PALM OIL MILL SDN BHD'
 'JUGRA PALM OIL MILL SDN BHD' 'YUWANG PALM OIL MILL SDN BHD'
 'ENDAU PALM OIL MILL SDN BHD']",
PITAS PALM OIL MILL SDN BHD,['SERIAN PALM OIL MILL SDN BHD'],
PERTUBUHAN PELADANG NEGERI JOHOR (PPNJ),['PERTUBUHAN PELADANG NEGERI PERAK (PPNP)'],
ENDAU PALM OIL MILL SDN BHD,"['BAU PALM OIL MILL SDN BHD' 'YUWANG PALM OIL MILL SDN BHD'
 'DD PALM OIL MILL SDN BHD' 'VEETAR PALM OIL MILL SDN BHD'
 'JUGRA PALM OIL MILL SDN BHD']",
PSS OIL MILL SDN BHD,['TBS OIL MILL SDN BHD' 'HAVYS OIL MILL SDN BHD'],
SACHIEW PLANTATIONS SDN BHD,['SAPI PLANTATION SDN BHD'],
BAU PALM OIL MILL SDN BHD,"['ENDAU PALM OIL MILL SDN BHD' 'BBC PALM OIL MILL SDN BHD'
 'SUKAU PALM OIL MILL SDN BHD' 'JUGRA PALM OIL MILL SDN BHD'
 'RSB PALM OIL MILL SDN BHD']",
SERIAN PALM OIL MILL SDN BHD,"['PITAS PALM OIL MILL SDN BHD' 'KENINGAU PALM OIL MILL SDN BHD'
 'CENTRAL PALM OIL MILL SDN BHD' 'UNIQUE PALM OIL MILL SDN BHD'
 'SERI ULU LANGAT PALM OIL MILL SDN BHD']",
SEONG THYE PLANTATIONS SDN BHD,['ENG THYE PLANTATIONS BHD'],
SOUTHERN KERATONG PLANTATIONS SDN BHD,['SOUTHERN PERAK PLANTATIONS SDN BHD'],
SOUTHERN PERAK PLANTATIONS SDN BHD,['SOUTHERN KERATONG PLANTATIONS SDN BHD'],
ST PALM OIL MILL SDN BHD,"['RSB PALM OIL MILL SDN BHD' 'DD PALM OIL MILL SDN BHD'
 'BBC PALM OIL MILL SDN BHD' 'SUKAU PALM OIL MILL SDN BHD'
 'BAU PALM OIL MILL SDN BHD']",
THP SARIBAS SDN BHD,['THP SABACO SDN BHD'],
THP SABACO SDN BHD,['THP SARIBAS SDN BHD'],
TIAN SIANG OILL MILL (PERAK) SDN BHD,"['TIAN SIANG OILL MILL SDN BHD' 'TIAN SIANG OILL MILL (PAHANG) SDN BHD'
 'TIAN SIANG OILL MILL (AIR KUNING) SDN BHD']",
LADANG PERMAI SDN BHD,['LADANG SERASA SDN BHD' 'LADANG MILLS SDN BHD'],
LADANG SERASA SDN BHD,['LADANG PERMAI SDN BHD' 'LADANG SABAH SDN BHD'],
UNIQUE PALM OIL MILL SDN BHD,['KENINGAU PALM OIL MILL SDN BHD' 'SERIAN PALM OIL MILL SDN BHD'],
VEETAR PALM OIL MILL SDN BHD,"['ENDAU PALM OIL MILL SDN BHD' 'BAU PALM OIL MILL SDN BHD'
 'ST PALM OIL MILL SDN BHD' 'JUGRA PALM OIL MILL SDN BHD']",
WTK OIL MILL SDN BHD,['TBS OIL MILL SDN BHD'],
YUWANG PALM OIL MILL SDN BHD,"['JUGRA PALM OIL MILL SDN BHD' 'ENDAU PALM OIL MILL SDN BHD'
 'BAU PALM OIL MILL SDN BHD' 'SUKAU PALM OIL MILL SDN BHD'
 'KAHANG PALM OIL MILL SDN BHD']",
GUNUNG TUA ABADI,['GUNUNG SAWIT ABADI'],
AGROPECUARIA SANTA MARIA S.A.,['AGROPECUARIA SANTAMARIA S.A.' 'AGROPECUARIA SANTA MARIA S.A. SAN MARTIN'],AGROPECUARIA SANTAMARIA S.A.
AGROPECUARIA SANTA MARIA S.A. SAN MARTIN,['AGROPECUARIA SANTA MARIA S.A.' 'AGROPECUARIA SANTAMARIA S.A.'],
EXTRACTORA LA PAZ S.A.,"['EXTRACTORA LA SEXTA S.A.' 'EXTRACTORA LA GLORIA S.A.S.'
 'EXTRACTORA GRUPALMA S.A.S.']",
EXTRACTORA LA SEXTA S.A.,['EXTRACTORA LA PAZ S.A.' 'EXTRACTORA LA GLORIA S.A.S.'],
OLEAGINOSAS DEL OCOA,['OLEAGINOSAS DEL PERU (OLPESA)'],
EXTRACTORA CUSIANA LTDA,['EXTRACTORA SICARARE LTDA'],
CORPORACION INDUSTRIAL DE SULA (COINSU),['CORPORACION INDUSTRIAL BARU S.A. (CIBA S.A.)'],
INDUSTRIAS DEL ESPINO SA,['INDUSTRIAS DEL ESPINO S.A.' 'INDUSTRIAS DEL SHANUSI S.A.'],INDUSTRIAS DEL ESPINO S.A.
PALMAGRO S.A.,['PALMA SUR S.A.'],
EXTRACTORA SICARARE LTDA,['EXTRACTORA CUSIANA LTDA'],
PERKEBUNAN NUSANTARA VII,"['PERKEBUNAN NUSANTARA VIII' 'PERKEBUNAN NUSANTARA VI'
 'PERKEBUNAN NUSANTARA II' 'PERKEBUNAN NUSANTARA III'
 'PERKEBUNAN NUSANTARA I']",
SURYA UTAMA NABATI,['SINAR UTAMA NABATI' 'SURYA UTAMA AGROLESTARI'],
PERKEBUNAN NUSANTARA XIII,"['PERKEBUNAN NUSANTARA III' 'PERKEBUNAN NUSANTARA VIII'
 'PERKEBUNAN NUSANTARA II' 'PERKEBUNAN NUSANTARA I'
 'PERKEBUNAN NUSANTARA XIV']",
SAWIT MULIA,['SAWIT MULTI UTAMA'],
BUMI MENTARI KARYA,['BUMI MEKAR TANI'],
SWADAYA INDOPALMA,['SWADAYA ANDIKA'],
AGRO NUSA ABADI,['AGRO ABADI'],
SUMBERTAMA NUSAPERTIWI,['SUMBER ADINUSA LESTARI'],
MITRA SAWIT JAMBI,['MITRA PATI MAS' 'MITRA MENDAWAI SEJATI'],
SAWITA INTER PERKASA,['SAWIT INTI PRIMA PERKASA'],
KARYA SAWIT LESTARI,['MUARA SAWIT LESTARI' 'KARYA SAWITINDO MAS'],
KALIMANTAN SAWIT KUSUMA,['KALIMANTAN SAWIT ABADI'],
GUNUNG SEJAHTERA DUA INDAH,['GUNUNG SEJAHTERA PUTI PESONA'],
MULTI PALMA SEJAHTERA,['MULTI JAYA PERKASA' 'MULTI PERKASA SEJAHTERA'],
SAWITA UNGGUL JAYA,['SAWITA LEIDONG JAYA'],
GUNUNG SEJAHTERA PUTI PESONA,['GUNUNG SEJAHTERA DUA INDAH' 'GUNUNG SEJAHTERA IBU PERTIWI'],
GUNUNG SEJAHTERA IBU PERTIWI,['GUNUNG SEJAHTERA PUTI PESONA'],
TOR GANDA,['TORUS GANDA'],
HARKAT SEJAHTERA,['SYAUKATH SEJAHTERA'],
PERKEBUNAN NUSANTARA V,"['PERKEBUNAN NUSANTARA IV' 'PERKEBUNAN NUSANTARA VI'
 'PERKEBUNAN NUSANTARA XIV' 'PERKEBUNAN NUSANTARA VII'
 'PERKEBUNAN NUSANTARA I']",
PRIMA SAUHUR LESTARI,['PERMATA SUBUR LESTARI'],
SUBUR AGRO MAKMUR,['SUBUR ARUM MAKMUR'],
SUBUR ARUM MAKMUR,['SUBUR AGRO MAKMUR'],
SUMBER SAWIT JAYA LESTARI,['SUMBER SAWIT SEJAHTERA' 'SUMBER SAWIT NUSANTARA'],
PERMATA HIJAU SAWIT,['PERMATA HIJAU SARANA'],
TORUS GANDA,['TOR GANDA'],
MUSTIKA AGUNG SAWIT SEJAHTERA,['MUSTIKA AGUNG SARANA SEJAHTERA' 'MUSTIKA AGUNG SAWIT GEMILANG'],
SAWIT RIAU MAKMUR,['SAWIT MULTI UTAMA'],
SINAR SAWIT SUBUR LESTARI,['SINAR SAWIT LESTARI'],
SINAR SAWIT LESTARI,['SINAR SAWIT SUBUR LESTARI'],
BANGUN SEMPURNA LESTARI,['BANGUN TENERA RIAU'],
MITRA AGUNG SAWITA SEJATI,['MITRA AGUNG SWADAYA'],
PERKEBUNAN PERTANIAN PATI SARI,"['PERKEBUNAN NUSANTARA III' 'PERKEBUNAN NUSANTARA XIII'
 'PERKEBUNAN NUSANTARA VIII' 'PERKEBUNAN NUSANTARA II'
 'PERKEBUNAN NUSANTARA VII']",
PERKEBUNAN NUSANTARA I,"['PERKEBUNAN NUSANTARA II' 'PERKEBUNAN NUSANTARA VI'
 'PERKEBUNAN NUSANTARA IV' 'PERKEBUNAN NUSANTARA VII'
 'PERKEBUNAN NUSANTARA III']",
SUMBER SAWIT MAKMUR,['SUMBER SAWIT MEKAR' 'SUMBER SAWIT NUSANTARA'],
MULTI JAYA PERKASA,['MULTI PALMA SEJAHTERA'],
ADIMULIA AGROLESTARI,['ADIMULIA PALMO LESTARI'],
BERKAT SAWIT SEJAHTERA,['BERKAT SAWIT SEJATI' 'BERKAT SAWIT SUKAMAJU'],
MITRA AGUNG SWADAYA,['MITRA AGUNG SAWITA SEJATI'],
KENCANA PERSADA NUSANTARA,['KENCANA PERMATA NUSANTARA'],
FAJAR SAUDARA KUSUMA,['FAJAR SAUDARA LESTARI'],
SEPANJANG INTISURYA MULIA,['SEPANJANG INTI SURYA UTAMA'],
GUNUNG MARAS LESTARI,['GUNUNG SELAMAT LESTARI'],
GUNUNG SELAMAT LESTARI,['GUNUNG MARAS LESTARI' 'GUNUNG PELAWAN LESTARI'],
SUMBER SAWIT MEKAR,['SUMBER SAWIT MAKMUR' 'SUMBER SAWIT SEJAHTERA' 'SUMBER SAWIT NUSANTARA'],
PUTRA BANGKA MANDIRI,['PUTERA BANGKA TANI'],
PALMA MAS SEJATI,['PALMASA SA'],
PERKEBUNAN NUSANTARA II,"['PERKEBUNAN NUSANTARA III' 'PERKEBUNAN NUSANTARA VII'
 'PERKEBUNAN NUSANTARA I' 'PERKEBUNAN NUSANTARA XIII'
 'PERKEBUNAN NUSANTARA VIII']",
ANUGERAH LANGKAT MAKMUR,['ANUGERAH TANI MAKMUR'],
SYAUKATH SEJAHTERA,['HARKAT SEJAHTERA'],
EXTRACTORA LA GLORIA S.A.S.,"['EXTRACTORA LA PAZ S.A.' 'EXTRACTORA GRUPALMA S.A.S.'
 'EXTRACTORA LA SEXTA S.A.']",
PROCESADORA DE ACEITE DE PALMA,['PROCESADORA DE ACEITE ORO ROJO LTDA'],
ACEITES DE PALMA,['ACEITES MANUELITA'],
PALMCI,['PALMAC'],
RUCHI SOYA INDUSTRIES LTD,['RUCHI SOYA INDUSTRIES'],RUCHI SOYA INDUSTRIES
BOUSTEAD PELITA TINJAR SDN BHD,"['BOUSTEAD RIMBA NILAI SDN BHD' 'BOUSTEAD EMASTULIN SDN BHD'
 'BOUSTEAD GRADIENT SDN BHD' 'BOUSTEAD PLANTATIONS BHD']",
KENINGAU PALM OIL MILL SDN BHD,['SERIAN PALM OIL MILL SDN BHD' 'UNIQUE PALM OIL MILL SDN BHD'],
KARYA MAKMUR SEJAHTERA,['KARYA MAKMUR BAHAGIA' 'KARYA MAKMUR ABADI'],
PERKEBUNAN NUSANTARA VI,"['PERKEBUNAN NUSANTARA VII' 'PERKEBUNAN NUSANTARA IV'
 'PERKEBUNAN NUSANTARA I' 'PERKEBUNAN NUSANTARA V'
 'PERKEBUNAN NUSANTARA VIII']",
JAYA MANDIRI SUKSES,['JAYA GEMILANG SUKSES'],
BUMI HUTANI LESTARI,['BUMI PERMAI LESTARI'],
AGRO SEJAHTERA MANUNGGAL,['AGRO SEJAHTERA'],
BUMI SAWINDO PERMAI,['BUMI SAWIT PERMAI'],
ACEITES MANUELITA,['ACEITES DE PALMA'],
PERKEBUNAN SUMATERA UTARA,['PERKEBUNAN SUMATERA UTARA (SIMPANG GAMBIR)'],
ORGANIC SUPPLY S.A.,['ORGANIC CROPS S.A.'],
SAWIT SUKSES SEJAHTERA,['SAWIT MAS SEJAHTERA'],
TIAN SIANG OILL MILL (PAHANG) SDN BHD,"['TIAN SIANG OILL MILL (PERAK) SDN BHD' 'TIAN SIANG OILL MILL SDN BHD'
 'TIAN SIANG OILL MILL (AIR KUNING) SDN BHD']",
KILANG MINYAK KELAPA SAWIT SEMANTAN SDN BHD,"['KILANG MINYAK KELAPA SAWIT LUM SDN BHD'
 'KILANG MINYAK SAWIT KAMUNTING SDN BHD']",
KILANG SAWIT C.P. SDN BHD,['KILANG SAWIT BELL SDN BHD' 'KILANG SAWIRA MAKMUR SDN BHD'],
CITRA SAWIT HARUM,['CITRA SAWIT LESTARI'],
HARAPAN SAWIT SEJAHTERA,['HARAPAN SAWIT LESTARI'],
SURYA UTAMA AGROLESTARI,['SURYA UTAMA NABATI'],
GUNTA SAMBA,['GUNTA SAMBA JAYA'],
PROCESADORA DE ACEITE ORO ROJO LTDA,['PROCESADORA DE ACEITE DE PALMA'],
PALMA SUR S.A.,['PALMAGRO S.A.'],
GUNTA SAMBA JAYA,['GUNTA SAMBA'],
GUNUNG PELAWAN LESTARI,['GUNUNG SELAMAT LESTARI'],
ANUGERAH TANI MAKMUR,['ANUGERAH LANGKAT MAKMUR'],
KALIMANTAN AGRO PUSAKA,['KALIMANTAN AGRO NUSANTARA' 'KALIMANTAN SANGGAR PUSAKA'],
CORPORACION INDUSTRIAL BARU S.A. (CIBA S.A.),['CORPORACION INDUSTRIAL DE SULA (COINSU)'],
DD PALM OIL MILL SDN BHD,"['ST PALM OIL MILL SDN BHD' 'RSB PALM OIL MILL SDN BHD'
 'BBC PALM OIL MILL SDN BHD' 'ENDAU PALM OIL MILL SDN BHD'
 'BAU PALM OIL MILL SDN BHD']",
JUGRA PALM OIL MILL SDN BHD,"['BAU PALM OIL MILL SDN BHD' 'YUWANG PALM OIL MILL SDN BHD'
 'SUKAU PALM OIL MILL SDN BHD' 'ENDAU PALM OIL MILL SDN BHD'
 'RSB PALM OIL MILL SDN BHD']",
KILANG KELAPA SAWIT JERANTUT SDN BHD,"['KILANG KELAPA SAWIT FORTUNA SDN BHD' 'KILANG KELAPA SAWIT LEKIR SDN BHD'
 'KILANG KELAPA SAWIT SELUMPUR SDN BHD' 'KILANG MINYAK SAWIT MERU SDN BHD'
 'KILANG SAWIT PANJI ALAM SDN BHD']",
KALIMANTAN SANGGAR PUSAKA,['KALIMANTAN AGRO PUSAKA'],
INDUSTRIAS DEL SHANUSI S.A.,['INDUSTRIAS DEL ESPINO S.A.' 'INDUSTRIAS DEL ESPINO SA'],
KARYA MAKMUR ABADI,['KARYA MAKMUR BAHAGIA' 'KARYA MAKMUR SEJAHTERA'],
PALMERAS DE LOS ANDES QUININDE,['PALMERAS DE LOS ANDES SAN LORENZO'],
KENCANA PERMATA NUSANTARA,['KENCANA PERSADA NUSANTARA'],
CAHAYA SAWIT LESTARI,['HARAPAN SAWIT LESTARI'],
PERMATA HIJAU SARANA,['PERMATA HIJAU SAWIT' 'PERMATA HIJAU GROUP'],
KILANG MINYAK KELAPA SAWIT LUM SDN BHD,"['KILANG MINYAK KELAPA SAWIT SEMANTAN SDN BHD'
 'KILANG MINYAK SAWIT MERU SDN BHD'
 'KILANG MINYAK SAWIT KAMUNTING SDN BHD']",
SAWITA KARYA MANUNGGUL,['SAWIT GRAHA MANUNGGAL'],
SERI LANGAT PALM OIL MILL SDN BHD,['SERI ULU LANGAT PALM OIL MILL SDN BHD'],
RUCHI SOYA INDUSTRIES,['RUCHI SOYA INDUSTRIES LTD'],
SAWIT GRAHA MANUNGGAL,['SAWITA KARYA MANUNGGUL'],
BUMI MEKAR TANI,['BUMI MENTARI KARYA'],
ORGANIC CROPS S.A.,['ORGANIC SUPPLY S.A.'],
JAYA GEMILANG SUKSES,['JAYA MANDIRI SUKSES'],
MULTI PERKASA SEJAHTERA,['MULTI PALMA SEJAHTERA'],
MUSTIKA AGUNG SARANA SEJAHTERA,['MUSTIKA AGUNG SAWIT SEJAHTERA'],
INDUSTRIAS OLEANA S.A.,['INDUSTRIAS DEL ESPINO S.A.'],
PALMERAS DE LOS ANDES SAN LORENZO,['PALMERAS DE LOS ANDES QUININDE'],
GUNUNG SAWIT ABADI,['GUNUNG SAWIT MAS' 'GUNUNG TUA ABADI'],
SAWIT MAS NUSANTARA,['SAWIT MAS SEJAHTERA'],
FAJAR AGRO SEJAHTERA,['FAJAR AGRO SAWIT'],
AGRO WIRA LIGATSA,['AGRO WIRATAMA'],
BANGUN TENERA RIAU,['BANGUN SEMPURNA LESTARI'],
SUMBER ADINUSA LESTARI,['SUMBERTAMA NUSAPERTIWI'],
ENSEM LESTARI,['ENSEM SAWITA'],
SERI ULU LANGAT PALM OIL MILL SDN BHD,['SERI LANGAT PALM OIL MILL SDN BHD' 'SERIAN PALM OIL MILL SDN BHD'],
ARYA RAMA PERSADA,['ARYA RAMA PRAKASA'],
AGRO ABADI,['AGRO NUSA ABADI'],
PALMASA SA,['PALMA MAS SEJATI'],
FAJAR SAUDARA LESTARI,['FAJAR SAUDARA KUSUMA'],
ARYA RAMA PRAKASA,['ARYA RAMA PERSADA'],
SUMBER SAWIT NUSANTARA,"['SUMBER SAWIT SEJAHTERA' 'SUMBER SAWIT JAYA LESTARI' 'SUMBER SAWIT MEKAR'
 'SUMBER SAWIT MAKMUR']",
EXTRACTORA GRUPALMA S.A.S.,['EXTRACTORA LA GLORIA S.A.S.' 'EXTRACTORA LA PAZ S.A.'],
PERKEBUNAN NUSANTARA VIII,"['PERKEBUNAN NUSANTARA VII' 'PERKEBUNAN NUSANTARA III'
 'PERKEBUNAN NUSANTARA II' 'PERKEBUNAN NUSANTARA XIII'
 'PERKEBUNAN NUSANTARA VI']",
KILANG MINYAK SAWIT MERU SDN BHD,"['KILANG MINYAK SAWIT KAMUNTING SDN BHD'
 'KILANG MINYAK KELAPA SAWIT LUM SDN BHD'
 'KILANG KELAPA SAWIT LEKIR SDN BHD'
 'KILANG KELAPA SAWIT JERANTUT SDN BHD'
 'KILANG KELAPA SAWIT FORTUNA SDN BHD']",
AGROPECUARIA SANTAMARIA S.A.,"['AGROPECUARIA SANTA MARIA S.A.'
 'AGROPECUARIA SANTA MARIA S.A. SAN MARTIN']",
RSB PALM OIL MILL SDN BHD,"['ST PALM OIL MILL SDN BHD' 'BBC PALM OIL MILL SDN BHD'
 'DD PALM OIL MILL SDN BHD' 'BAU PALM OIL MILL SDN BHD'
 'SUKAU PALM OIL MILL SDN BHD']",
CITRA SAWIT LESTARI,['CITRA SAWIT HARUM'],
OLEAGINOSAS DEL PERU (OLPESA),['OLEAGINOSAS DEL OCOA'],
"TRAD PALM OIL CO,.LTD","['TRANG PALM OIL  CO.,LTD']",
GIGA PUTRA NUSANTARA,['GIGA PUTRA PERKASA'],
AGRINA SAWIT PERDANA,['AGRINDO SAWIT PERKASA'],
SUMBER SAWIT SEJAHTERA,"['SUMBER SAWIT MEKAR' 'SUMBER SAWIT NUSANTARA' 'SUMBER SAWIT JAYA LESTARI'
 'SURYA SAWIT SEJAHTERA']",
MUTIARA SAWIT SEMESTA,['MUTIARA SAWIT LESTARI'],
PERMATA SUBUR LESTARI,['PRIMA SAUHUR LESTARI'],
KARYA SAWITINDO MAS,['KARYA SAWIT LESTARI'],
INDUSTRIAS DEL ESPINO S.A.,"['INDUSTRIAS DEL ESPINO SA' 'INDUSTRIAS DEL SHANUSI S.A.'
 'INDUSTRIAS OLEANA S.A.']",
ENSEM SAWITA,['ENSEM LESTARI'],
WINDU NABATINDO ABADI,['WINDU NABATINDO LESTARI'],
MUTIARA SAWIT LESTARI,['MUTIARA SAWIT SEMESTA' 'MUTIARA HIJAU LESTARI'],
PERKEBUNAN NUSANTARA XIV,"['PERKEBUNAN NUSANTARA IV' 'PERKEBUNAN NUSANTARA I'
 'PERKEBUNAN NUSANTARA V' 'PERKEBUNAN NUSANTARA VI'
 'PERKEBUNAN NUSANTARA XIII']",
SAWIT INTI PRIMA PERKASA,['SAWITA INTER PERKASA'],
PERTUBUHAN PELADANG NEGERI PERAK (PPNP),['PERTUBUHAN PELADANG NEGERI JOHOR (PPNJ)'],
GUNUNG SAWIT MAS,['GUNUNG SAWIT ABADI'],
SAWIT MULTI UTAMA,['SAWIT MULIA' 'SAWIT RIAU MAKMUR'],
BERKAT SAWIT SUKAMAJU,['BERKAT SAWIT SEJATI' 'BERKAT SAWIT SEJAHTERA'],
SEPANJANG INTI SURYA UTAMA,['SEPANJANG INTISURYA MULIA'],
GIGA PUTRA PERKASA,['GIGA PUTRA NUSANTARA'],
PALMAC,['PALMCI'],
PANDEWAN PALM OIL MILL SDN BHD,['ENDAU PALM OIL MILL SDN BHD'],
SINAR UTAMA NABATI,['SURYA UTAMA NABATI'],
GLOBALINDO AGRO LESTARI,['GLOBALINDO AGUNG LESTARI'],
GLOBALINDO AGUNG LESTARI,['GLOBALINDO AGRO LESTARI'],
ADIMULIA PALMO LESTARI,['ADIMULIA AGROLESTARI'],
EXTRACTORA LOMA FRESCA,['EXTRACTORA EL ESTERO'],
TBS OIL MILL SDN BHD,['PSS OIL MILL SDN BHD' 'WTK OIL MILL SDN BHD' 'HAVYS OIL MILL SDN BHD'],
MUSTIKA AGUNG SAWIT GEMILANG,['MUSTIKA AGUNG SAWIT SEJAHTERA'],
PERMATA HIJAU GROUP,['PERMATA HIJAU SARANA'],
TRIPUTRA AGRO PERSADA,['TRIPUTRA AGRO'],
SAWITA LEIDONG JAYA,['SAWITA UNGGUL JAYA'],
SURYA SAWIT SEJAHTERA,['SUMBER SAWIT SEJAHTERA'],
KALIMANTAN AGRO NUSANTARA,['KALIMANTAN AGRO PUSAKA'],
SAWIT RUPAT SEJAHTERA,['SAWIT MAS SEJAHTERA'],
NEW BRITAIN PALM OIL LTD (OLD),['NEW BRITAIN PALM OIL'],
AGRO SEJAHTERA,['AGRO SEJAHTERA MANUNGGAL'],
"THAI TALLOW AND OIL CO, LTD",['THAITALLOW AND OIL CO.LTD'],THAITALLOW AND OIL CO.LTD
PALMA BUMI LESTARI ,['PALMA SUMBER LESTARI'],
MUARA SAWIT LESTARI,['KARYA SAWIT LESTARI' 'DJUANDA SAWIT LESTARI'],
GENTING PLANTATIONS BERHAD,['GENTING PLANTATIONS BHD'],
PERKEBUNAN SUMATERA UTARA (SIMPANG GAMBIR),['PERKEBUNAN SUMATERA UTARA'],
FAJAR AGRO SAWIT,['FAJAR AGRO SEJAHTERA'],
MUTIARA HIJAU LESTARI,['MUTIARA SAWIT LESTARI'],
PUTERA BANGKA TANI,['PUTRA BANGKA MANDIRI'],
PALMERAS DEL LLANO S.A.,['PALMERAS DE LA COSTA S.A.'],
EXTRACTORA EL ESTERO,['EXTRACTORA LOMA FRESCA'],
TRIPUTRA AGRO,['TRIPUTRA AGRO PERSADA'],
DHARMA SATYA NUSANTARA (DSN),['DHARMA SATYA NUSANTARA'],
MITRA PATI MAS,['MITRA SAWIT JAMBI'],
PALMA SUMBER LESTARI,['PALMA BUMI LESTARI '],
AGRINDO SAWIT PERKASA,['AGRINA SAWIT PERDANA'],